Twi Audio Clip,English Text
twi_clips\twi_clip_001.wav,ï»¿
twi_clips\twi_clip_002.wav,USU A NTE
twi_clips\twi_clip_003.wav,ï»¿
twi_clips\twi_clip_004.wav,•^••^W’ ^>
twi_clips\twi_clip_005.wav,ï»¿
twi_clips\twi_clip_006.wav,ï»¿
twi_clips\twi_clip_007.wav,ï»¿
twi_clips\twi_clip_008.wav,ï»¿
twi_clips\twi_clip_009.wav,?. c ^-Z
twi_clips\twi_clip_010.wav,ï»¿
twi_clips\twi_clip_011.wav,^
twi_clips\twi_clip_012.wav,"tv, ^-"
twi_clips\twi_clip_013.wav,ï»¿
twi_clips\twi_clip_014.wav,ï»¿
twi_clips\twi_clip_015.wav,ï»¿
twi_clips\twi_clip_016.wav,OSWBp i^o^^
twi_clips\twi_clip_017.wav,ï»¿
twi_clips\twi_clip_018.wav,Q@@»§ramW02 (teEfe@fec6fl£»a
twi_clips\twi_clip_019.wav,ASSISTANT EDITOR Dacosta Asare
twi_clips\twi_clip_020.wav,EDITING & MUSIC SCORE
twi_clips\twi_clip_021.wav,"P nm!?)1 ! '""^ ^liro M^tro lAArihLvH/ l"
twi_clips\twi_clip_022.wav,PRODUCTION
twi_clips\twi_clip_023.wav,Can't you see she is a nice wQman?
twi_clips\twi_clip_024.wav,mine?
twi_clips\twi_clip_025.wav,How? What do you mean?
twi_clips\twi_clip_026.wav,Don't you see it will be ni^e if I have affair with her?
twi_clips\twi_clip_027.wav,[laughter]
twi_clips\twi_clip_028.wav,I can make if happen!
twi_clips\twi_clip_029.wav,Help me to haye her.
twi_clips\twi_clip_030.wav,"If you help me to have her,"
twi_clips\twi_clip_031.wav,you can^t imagine what I will do for you.
twi_clips\twi_clip_032.wav,Don't worry. Money is not my problem.
twi_clips\twi_clip_033.wav,I can make it happen!
twi_clips\twi_clip_034.wav,I don't spend money on any building or ear.
twi_clips\twi_clip_035.wav,I spend my mopLey on pleasure.
twi_clips\twi_clip_036.wav,How are you?
twi_clips\twi_clip_037.wav,ï»¿
twi_clips\twi_clip_038.wav,Somebody is very much interested in you
twi_clips\twi_clip_039.wav,ï»¿
twi_clips\twi_clip_040.wav,ï»¿
twi_clips\twi_clip_041.wav,-Is it you?
twi_clips\twi_clip_042.wav,"hie, interested in you for what?"
twi_clips\twi_clip_043.wav,And I am also not interested in you.
twi_clips\twi_clip_044.wav,Aduana is deepl in love with you.
twi_clips\twi_clip_045.wav,ï»¿
twi_clips\twi_clip_046.wav,Don^you know it is his own car? ^-You lie.
twi_clips\twi_clip_047.wav,Tilly
twi_clips\twi_clip_048.wav,Don't you need the car key for anythin ?
twi_clips\twi_clip_049.wav,ï»¿
twi_clips\twi_clip_050.wav,ï»¿
twi_clips\twi_clip_051.wav,ï»¿
twi_clips\twi_clip_052.wav,ï»¿
twi_clips\twi_clip_053.wav,ï»¿
twi_clips\twi_clip_054.wav,ï»¿
twi_clips\twi_clip_055.wav,Don't you see_this is my own car? I carn burn it right now.
twi_clips\twi_clip_056.wav,ï»¿
twi_clips\twi_clip_057.wav,Won't you eat any thing?
twi_clips\twi_clip_058.wav,Won'tjjgu ejf£*arnything? The wGHWn'^fbdjd is ready
twi_clips\twi_clip_059.wav,If you ar^ rnterested^ I ca’if.bjjy s^me for you.
twi_clips\twi_clip_060.wav,Is a nice food. I buy some home every day.
twi_clips\twi_clip_061.wav,So you will go home after close of work?
twi_clips\twi_clip_062.wav,-Yes
twi_clips\twi_clip_063.wav,Then you sleep
twi_clips\twi_clip_064.wav,"In your house. -Yes, that is where I live."
twi_clips\twi_clip_065.wav,ï»¿
twi_clips\twi_clip_066.wav,I just don't know what to say. It's like I am short of words.
twi_clips\twi_clip_067.wav,I amjiust trying to say^s’omM'hjng.
twi_clips\twi_clip_068.wav,Then I gues you bath every morning before comin to work.
twi_clips\twi_clip_069.wav,Why wouldn't I batft You donr't you bath?
twi_clips\twi_clip_070.wav,Sometimes I don't Uafe.
twi_clips\twi_clip_071.wav,You will break the chair.
twi_clips\twi_clip_072.wav,I thought it was my car.
twi_clips\twi_clip_073.wav,Don't you need the food right now?
twi_clips\twi_clip_074.wav,I neecl it. Then l5t?s go'.
twi_clips\twi_clip_075.wav,"Gan't you driwe, so I could giXe;you the car."
twi_clips\twi_clip_076.wav,Unless you take me to driving school.
twi_clips\twi_clip_077.wav,Go and buy the rice.
twi_clips\twi_clip_078.wav,Let's go and let me buy it for you.
twi_clips\twi_clip_079.wav,Why?
twi_clips\twi_clip_080.wav,What do you mean by that?
twi_clips\twi_clip_081.wav,It's ok let's go.
twi_clips\twi_clip_082.wav,My customers will meet my absence so just go-.
twi_clips\twi_clip_083.wav,Alright take the kay. ^have money in the car. Don't let anyone take it.
twi_clips\twi_clip_084.wav,ï»¿
twi_clips\twi_clip_085.wav,ï»¿
twi_clips\twi_clip_086.wav,Where are you going
twi_clips\twi_clip_087.wav,I am in need of money so I am going to collect my money.
twi_clips\twi_clip_088.wav,What d® you sell that you have people owing you?
twi_clips\twi_clip_089.wav,ï»¿
twi_clips\twi_clip_090.wav,What do you mean by that question?
twi_clips\twi_clip_091.wav,I work hard but you don't know.
twi_clips\twi_clip_092.wav,What do you sell?
twi_clips\twi_clip_093.wav,I gave some pants out on credit so I am going to collect the moneys.
twi_clips\twi_clip_094.wav,How did you get capital for that business?
twi_clips\twi_clip_095.wav,These are the things I don't like about you.
twi_clips\twi_clip_096.wav,This is how you always spoil my day.
twi_clips\twi_clip_097.wav,ï»¿
twi_clips\twi_clip_098.wav,"Anytime I meet you like this, I don't make money."
twi_clips\twi_clip_099.wav,•^< wy
twi_clips\twi_clip_100.wav,ï»¿
twi_clips\twi_clip_101.wav,What is your problem?
twi_clips\twi_clip_102.wav,My problem is that you are worrying me.
twi_clips\twi_clip_103.wav,I have not seen this dress on you before.
twi_clips\twi_clip_104.wav,When did you buy it or this one too you went to borrow?
twi_clips\twi_clip_105.wav,Grand mother why? So don't I have any money on my own?
twi_clips\twi_clip_106.wav,Do you know all the clothes I have?
twi_clips\twi_clip_107.wav,"The other time, you just came to wash one here."
twi_clips\twi_clip_108.wav,ï»¿
twi_clips\twi_clip_109.wav,The way you were quick in washing it makes it suspecious.
twi_clips\twi_clip_110.wav,Why do you talk about my dressing -I have not seen it before.
twi_clips\twi_clip_111.wav,Do you know all the clothes I have?
twi_clips\twi_clip_112.wav,I don't like that.
twi_clips\twi_clip_113.wav,You don't listen to me. Look at your hairstyle.
twi_clips\twi_clip_114.wav,You can't even turn your neck.
twi_clips\twi_clip_115.wav,won't live my life like you
twi_clips\twi_clip_116.wav,I have taken a different pattern.
twi_clips\twi_clip_117.wav,You have a nice name but you don't like it.
twi_clips\twi_clip_118.wav,You call your self empress.
twi_clips\twi_clip_119.wav,It is a modern name. It didn't come in your days.
twi_clips\twi_clip_120.wav,Be careful with your life.
twi_clips\twi_clip_121.wav,You are repeating your mother's bad lifestyle.
twi_clips\twi_clip_122.wav,ï»¿
twi_clips\twi_clip_123.wav,So humble yourself.
twi_clips\twi_clip_124.wav,"If I get in to any problem, does it concern you?"
twi_clips\twi_clip_125.wav,That is how your mother lived a reckless life.
twi_clips\twi_clip_126.wav,She brought me up the same way you brought her up to be reckless.
twi_clips\twi_clip_127.wav,Who did you want to copy?
twi_clips\twi_clip_128.wav,Y®u brought me up and I took after you.
twi_clips\twi_clip_129.wav,Children always take after the one that will bring them up.
twi_clips\twi_clip_130.wav,This is what you tell me todav. If you get your own problem take it.
twi_clips\twi_clip_131.wav,I> don't like that.
twi_clips\twi_clip_132.wav,I don't like that.
twi_clips\twi_clip_133.wav,ï»¿
twi_clips\twi_clip_134.wav,Why don't you put up a smiling face?
twi_clips\twi_clip_135.wav,Is ther^ fuel in my car?
twi_clips\twi_clip_136.wav,It seems I didnrt buy petrol.
twi_clips\twi_clip_137.wav,ï»¿
twi_clips\twi_clip_138.wav,We are here because of what happened last night.
twi_clips\twi_clip_139.wav,We we here beea^use of what happened last night.
twi_clips\twi_clip_140.wav,We are here to apologize.
twi_clips\twi_clip_141.wav,I d'onit want you to ahr^y me^
twi_clips\twi_clip_142.wav,Please just listen.
twi_clips\twi_clip_143.wav,He is not a drunkard. Why then did he go to drink?
twi_clips\twi_clip_144.wav,I am going to buy fuel ip my car.
twi_clips\twi_clip_145.wav,I am going to buy fuel in my car.
twi_clips\twi_clip_146.wav,No>w wh^is he trying to tell me?
twi_clips\twi_clip_147.wav,ï»¿
twi_clips\twi_clip_148.wav,ï»¿
twi_clips\twi_clip_149.wav,"The persojji who gave me tljie drink added sleeping,tablets."
twi_clips\twi_clip_150.wav,What we are pleading is for you to give him another chance.
twi_clips\twi_clip_151.wav,I mean he was just numb.
twi_clips\twi_clip_152.wav,"When I take alcohol, I feel weak."
twi_clips\twi_clip_153.wav,So you give him another chance.
twi_clips\twi_clip_154.wav,I won't give him another chance.
twi_clips\twi_clip_155.wav,I won't give him another chance.
twi_clips\twi_clip_156.wav,I won't give him another chance.
twi_clips\twi_clip_157.wav,That is why I didn't want t® accept the proposal.
twi_clips\twi_clip_158.wav,Do»l think I will give you something bad?
twi_clips\twi_clip_159.wav,You excuse me for a moment.
twi_clips\twi_clip_160.wav,You take this for the afternoon.
twi_clips\twi_clip_161.wav,Oh stop this.
twi_clips\twi_clip_162.wav,Y®g aw t®® tjr®ublesom’e.
twi_clips\twi_clip_163.wav,Please I was deceived into believing that
twi_clips\twi_clip_164.wav,Do you want to hurt me?
twi_clips\twi_clip_165.wav,Do you want to hurt me?
twi_clips\twi_clip_166.wav,S© tonight I will meet you with weed.
twi_clips\twi_clip_167.wav,Now they say I should take weed So tonight I will meet yOti. with weed.
twi_clips\twi_clip_168.wav,ï»¿
twi_clips\twi_clip_169.wav,Tell her you love her.
twi_clips\twi_clip_170.wav,He says I should say I love you.
twi_clips\twi_clip_171.wav,So you don't mean it.
twi_clips\twi_clip_172.wav,I mean it but was not prepared to say it today.
twi_clips\twi_clip_173.wav,Leave me alone.
twi_clips\twi_clip_174.wav,lam going s© take this.
twi_clips\twi_clip_175.wav,Somebody dropped it in my car so just take it.
twi_clips\twi_clip_176.wav,He says I should come back for the phone.
twi_clips\twi_clip_177.wav,"So you are also coming to take it, right?"
twi_clips\twi_clip_178.wav,He says I should take the phone and give you the car.
twi_clips\twi_clip_179.wav,ï»¿
twi_clips\twi_clip_180.wav,What are you doing?
twi_clips\twi_clip_181.wav,Are you going to use it now?
twi_clips\twi_clip_182.wav,Are you-going to use it now?
twi_clips\twi_clip_183.wav,I will use it at-work tomorrow morning.
twi_clips\twi_clip_184.wav,You can sleep. What about you?
twi_clips\twi_clip_185.wav,ï»¿
twi_clips\twi_clip_186.wav,ï»¿
twi_clips\twi_clip_187.wav,ï»¿
twi_clips\twi_clip_188.wav,Don't you feel the presence of a woman?
twi_clips\twi_clip_189.wav,I feel but you have not told me anything that is why.
twi_clips\twi_clip_190.wav,So can't you fondle my body
twi_clips\twi_clip_191.wav,Remember this is the second time.
twi_clips\twi_clip_192.wav,If I leave you will not have me again.
twi_clips\twi_clip_193.wav,I told m friend to help me but e didn't come.
twi_clips\twi_clip_194.wav,ï»¿
twi_clips\twi_clip_195.wav,►•v
twi_clips\twi_clip_196.wav,The scripture says the Lord will fight for me.
twi_clips\twi_clip_197.wav,So the Lord will perform for me.
twi_clips\twi_clip_198.wav,What do you want the Lord to do for you?
twi_clips\twi_clip_199.wav,What you want me to do.
twi_clips\twi_clip_200.wav,ï»¿
twi_clips\twi_clip_201.wav,VO
twi_clips\twi_clip_202.wav,^ *88
twi_clips\twi_clip_203.wav,He does spiritual things.
twi_clips\twi_clip_204.wav,Do you know what the Lord can do?
twi_clips\twi_clip_205.wav,ï»¿
twi_clips\twi_clip_206.wav,Put it down. There is time for everything.
twi_clips\twi_clip_207.wav,ï»¿
twi_clips\twi_clip_208.wav,wot
twi_clips\twi_clip_209.wav,ï»¿
twi_clips\twi_clip_210.wav,Put it down. There is time for everything.
twi_clips\twi_clip_211.wav,ï»¿
twi_clips\twi_clip_212.wav,^^^ ^mt x
twi_clips\twi_clip_213.wav,ï»¿
twi_clips\twi_clip_214.wav,ï»¿
twi_clips\twi_clip_215.wav,Are you not a man?
twi_clips\twi_clip_216.wav,Are you not a man?
twi_clips\twi_clip_217.wav,ï»¿
twi_clips\twi_clip_218.wav,So your you have lost your teeth.
twi_clips\twi_clip_219.wav,That is why I said I will not do it.
twi_clips\twi_clip_220.wav,/You want to poison me with your teeth.
twi_clips\twi_clip_221.wav,It is accident
twi_clips\twi_clip_222.wav,You want to poison me with your teeth.
twi_clips\twi_clip_223.wav,Everybody will hear of this at the station.
twi_clips\twi_clip_224.wav,Please give my teeth to me.
twi_clips\twi_clip_225.wav,ï»¿
twi_clips\twi_clip_226.wav,ï»¿
twi_clips\twi_clip_227.wav,ï»¿
twi_clips\twi_clip_228.wav,ï»¿
twi_clips\twi_clip_229.wav,ï»¿
twi_clips\twi_clip_230.wav,ï»¿
twi_clips\twi_clip_231.wav,What do you care for?
twi_clips\twi_clip_232.wav,Ga.n you fetch me Hennesey?
twi_clips\twi_clip_233.wav,That is not a problem.
twi_clips\twi_clip_234.wav,ï»¿
twi_clips\twi_clip_235.wav,Let me have a shower.
twi_clips\twi_clip_236.wav,I can't wait.
twi_clips\twi_clip_237.wav,Alright just because of the sweat. Go ahead
twi_clips\twi_clip_238.wav,Wait for me.
twi_clips\twi_clip_239.wav,^^
twi_clips\twi_clip_240.wav,Should I go for the drink myself?
twi_clips\twi_clip_241.wav,ï»¿
twi_clips\twi_clip_242.wav,Should I go for the drink myself?
twi_clips\twi_clip_243.wav,ï»¿
twi_clips\twi_clip_244.wav,I will be ealihg the girl to fetch it for you
twi_clips\twi_clip_245.wav,b
twi_clips\twi_clip_246.wav,ï»¿
twi_clips\twi_clip_247.wav,Pardon me.
twi_clips\twi_clip_248.wav,I want to go for it myself.
twi_clips\twi_clip_249.wav,I want to go-for it myself.
twi_clips\twi_clip_250.wav,ï»¿
twi_clips\twi_clip_251.wav,How many bottles should I take.
twi_clips\twi_clip_252.wav,Just a bottle for your self alone.
twi_clips\twi_clip_253.wav,Which flavor should I take?
twi_clips\twi_clip_254.wav,I am going to fetch the drink.
twi_clips\twi_clip_255.wav,ï»¿
twi_clips\twi_clip_256.wav,Why has she gone with her bag
twi_clips\twi_clip_257.wav,ï»¿
twi_clips\twi_clip_258.wav,ï»¿
twi_clips\twi_clip_259.wav,This is emergency dropping.
twi_clips\twi_clip_260.wav,How much is your daily sale to claim 4 million?
twi_clips\twi_clip_261.wav,Where are you going
twi_clips\twi_clip_262.wav,Just drive on.
twi_clips\twi_clip_263.wav,Don't you have air condition in your car?
twi_clips\twi_clip_264.wav,There is a fault with it.
twi_clips\twi_clip_265.wav,Is somebody after you?
twi_clips\twi_clip_266.wav,My mother has been involved in an accident.
twi_clips\twi_clip_267.wav,Let pie drive faster. Where are you going?
twi_clips\twi_clip_268.wav,Take me to the hospital.
twi_clips\twi_clip_269.wav,No drive me home. She is in the house.
twi_clips\twi_clip_270.wav,My brakes are not working.
twi_clips\twi_clip_271.wav,Slow down becatise I am ©ut of danger.
twi_clips\twi_clip_272.wav,^
twi_clips\twi_clip_273.wav,ï»¿
twi_clips\twi_clip_274.wav,My brakes are not working.
twi_clips\twi_clip_275.wav,I have been involved with four accidents with four cars.
twi_clips\twi_clip_276.wav,This is the only car that is yet to be involved in accident.
twi_clips\twi_clip_277.wav,Then let rhe alight in front there.
twi_clips\twi_clip_278.wav,Just look forward and drive.
twi_clips\twi_clip_279.wav,You fair ladies are spending our money.
twi_clips\twi_clip_280.wav,If I get you in my bed -
twi_clips\twi_clip_281.wav,Let me take that turp to avoid the traffic.
twi_clips\twi_clip_282.wav,Are you taking me back after escaping?
twi_clips\twi_clip_283.wav,Escaping from what?
twi_clips\twi_clip_284.wav,I can make you really laugh
twi_clips\twi_clip_285.wav,It makes people enjoy my car.
twi_clips\twi_clip_286.wav,You are funny.
twi_clips\twi_clip_287.wav,It makes people enjoy my car.
twi_clips\twi_clip_288.wav,I will alight at this place.
twi_clips\twi_clip_289.wav,ï»¿
twi_clips\twi_clip_290.wav,I will call you any time I need you.
twi_clips\twi_clip_291.wav,Now we are friends.
twi_clips\twi_clip_292.wav,Do you have t^show y&ur teeth to apply tlpe brakes?
twi_clips\twi_clip_293.wav,You are funny.
twi_clips\twi_clip_294.wav,Give me your number.
twi_clips\twi_clip_295.wav,N© I will rather take yours.
twi_clips\twi_clip_296.wav,Give me your number.
twi_clips\twi_clip_297.wav,No I will rather take yours.
twi_clips\twi_clip_298.wav,If I don't take your number you won't call me.
twi_clips\twi_clip_299.wav,I need you as a friend so I will call you.
twi_clips\twi_clip_300.wav,You don't love me?
twi_clips\twi_clip_301.wav,What is your name?
twi_clips\twi_clip_302.wav,ï»¿
twi_clips\twi_clip_303.wav,When you sail I will tell you on the phone.
twi_clips\twi_clip_304.wav,Just represent me with any name.
twi_clips\twi_clip_305.wav,ï»¿
twi_clips\twi_clip_306.wav,What is your name?
twi_clips\twi_clip_307.wav,Just call-me comedy.
twi_clips\twi_clip_308.wav,ï»¿
twi_clips\twi_clip_309.wav,ï»¿
twi_clips\twi_clip_310.wav,ï»¿
twi_clips\twi_clip_311.wav,Go and repair your car.
twi_clips\twi_clip_312.wav,You are a nice lady. My money.
twi_clips\twi_clip_313.wav,What did you just say?
twi_clips\twi_clip_314.wav,What did you just say
twi_clips\twi_clip_315.wav,It is a name of a new car. -You are looking at my back.
twi_clips\twi_clip_316.wav,You are looking good.
twi_clips\twi_clip_317.wav,Where are you going?
twi_clips\twi_clip_318.wav,I am picking a friend at the airport.
twi_clips\twi_clip_319.wav,Is he male of female?
twi_clips\twi_clip_320.wav,Male.
twi_clips\twi_clip_321.wav,You are always roaming up and down.
twi_clips\twi_clip_322.wav,ï»¿
twi_clips\twi_clip_323.wav,"...or getting married, he will be very proud of you."
twi_clips\twi_clip_324.wav,It is true you are ok in this house.
twi_clips\twi_clip_325.wav,We are rich but you have to start your own life.
twi_clips\twi_clip_326.wav,It? is true.
twi_clips\twi_clip_327.wav,To find a husband and plan your own lives together.
twi_clips\twi_clip_328.wav,Mum I am late.
twi_clips\twi_clip_329.wav,ï»¿
twi_clips\twi_clip_330.wav,ï»¿
twi_clips\twi_clip_331.wav,So can't you see there is a guest with you?
twi_clips\twi_clip_332.wav,A
twi_clips\twi_clip_333.wav,You are no more a guest.
twi_clips\twi_clip_334.wav,You know your place around here. You can go anywhere in this house.
twi_clips\twi_clip_335.wav,ï»¿
twi_clips\twi_clip_336.wav,That is not what I mean He need to know me well.
twi_clips\twi_clip_337.wav,That is not what I mean He need to knowime^velk
twi_clips\twi_clip_338.wav,My sister here has said a lot about you.
twi_clips\twi_clip_339.wav,I thought it was the footballer.
twi_clips\twi_clip_340.wav,Not you this bulky man.
twi_clips\twi_clip_341.wav,I thought it was the footballer.
twi_clips\twi_clip_342.wav,Why do you talk like this?
twi_clips\twi_clip_343.wav,I am only playing with him.
twi_clips\twi_clip_344.wav,Anyway this is my si* packs.
twi_clips\twi_clip_345.wav,Just take me as I am. I am always jovial.
twi_clips\twi_clip_346.wav,Don't take me ser-ious.
twi_clips\twi_clip_347.wav,I know that player sailed Pepe is a lazy player.
twi_clips\twi_clip_348.wav,He is a good defender.
twi_clips\twi_clip_349.wav,I thought he was a striker.
twi_clips\twi_clip_350.wav,So you don't knowHnim and you were talking of
twi_clips\twi_clip_351.wav,My Pepelis geod.
twi_clips\twi_clip_352.wav,"If you have it, it belongs to us all, can't you see?"
twi_clips\twi_clip_353.wav,That is why I am also dressed like this.
twi_clips\twi_clip_354.wav,Your husband is my husband as well.
twi_clips\twi_clip_355.wav,ï»¿
twi_clips\twi_clip_356.wav,Have we shared anything like this before?
twi_clips\twi_clip_357.wav,We can share anything but not my man.
twi_clips\twi_clip_358.wav,Have you seen a person being shared before?
twi_clips\twi_clip_359.wav,Anyway it never happens.
twi_clips\twi_clip_360.wav,Come and serve me.
twi_clips\twi_clip_361.wav,So you finished your drink right now?
twi_clips\twi_clip_362.wav,This is where I g^i^e to make my self proud. z
twi_clips\twi_clip_363.wav,"Pepe, take my picture with your phone."
twi_clips\twi_clip_364.wav,"Pepe, take my picture1 with your phone."
twi_clips\twi_clip_365.wav,No I w^lbdo it.
twi_clips\twi_clip_366.wav,Why are^y^ojn'g this?
twi_clips\twi_clip_367.wav,’I will be doing the selections for you.
twi_clips\twi_clip_368.wav,This is how it is going to be on that day.
twi_clips\twi_clip_369.wav,Are y^u^shy/?
twi_clips\twi_clip_370.wav,ï»¿
twi_clips\twi_clip_371.wav,Is the fo^chready?
twi_clips\twi_clip_372.wav,The house help is attending to it.
twi_clips\twi_clip_373.wav,We need to find something to eat.
twi_clips\twi_clip_374.wav,I am going to check the food. Serve me^vifh chicken wings.
twi_clips\twi_clip_375.wav,You are yeny sociable.
twi_clips\twi_clip_376.wav,You haven't seen/ much of me yet.
twi_clips\twi_clip_377.wav,Don't you know I have sent you a friend request on facebook?
twi_clips\twi_clip_378.wav,I will check when I get home.
twi_clips\twi_clip_379.wav,I have a lot of pictures there.
twi_clips\twi_clip_380.wav,Just go through my pictures.
twi_clips\twi_clip_381.wav,ï»¿
twi_clips\twi_clip_382.wav,You need to see them.
twi_clips\twi_clip_383.wav,ï»¿
twi_clips\twi_clip_384.wav,One more thing.
twi_clips\twi_clip_385.wav,Are you really serious to marry my sister?
twi_clips\twi_clip_386.wav,She is the reason I am here.
twi_clips\twi_clip_387.wav,I don't care much about my family
twi_clips\twi_clip_388.wav,I am not surprised at all that you don't care about your family.
twi_clips\twi_clip_389.wav,But you need to have a background knowledge .
twi_clips\twi_clip_390.wav,I am giving you some information. You need to ask her but not now.
twi_clips\twi_clip_391.wav,There is a uy who has been spoiling er with money.
twi_clips\twi_clip_392.wav,He is Musah.
twi_clips\twi_clip_393.wav,He has been giving her guinea fowls and she has fallen for it.
twi_clips\twi_clip_394.wav,ï»¿
twi_clips\twi_clip_395.wav,You know rich ladies fall for just anything small.
twi_clips\twi_clip_396.wav,You mean who?
twi_clips\twi_clip_397.wav,Who else are we talking about here?
twi_clips\twi_clip_398.wav,They broke up just about 4 months ago.
twi_clips\twi_clip_399.wav,So do your background checks.
twi_clips\twi_clip_400.wav,Be careful so you are not decieved by any rumours.
twi_clips\twi_clip_401.wav,The food is ready.
twi_clips\twi_clip_402.wav,Who is Musah?
twi_clips\twi_clip_403.wav,This guy who has been following you..
twi_clips\twi_clip_404.wav,I don't know anybody by that name..
twi_clips\twi_clip_405.wav,You don't know Musah who has been supplying us with meat?
twi_clips\twi_clip_406.wav,We sorted ourselves out already. We will be fine.
twi_clips\twi_clip_407.wav,ï»¿
twi_clips\twi_clip_408.wav,I am going to bring the food here.
twi_clips\twi_clip_409.wav,Or you would join me as I go?
twi_clips\twi_clip_410.wav,Who is Musah?
twi_clips\twi_clip_411.wav,Are you taking her serious?
twi_clips\twi_clip_412.wav,I don't know of anyone by that name.
twi_clips\twi_clip_413.wav,ï»¿
twi_clips\twi_clip_414.wav,I have told you. all about my past and there is nothing to know. -
twi_clips\twi_clip_415.wav,ï»¿
twi_clips\twi_clip_416.wav,Empress just told me you broke up just four months ago. '
twi_clips\twi_clip_417.wav,ï»¿
twi_clips\twi_clip_418.wav,I just told him Kwame is the last guy I dated.
twi_clips\twi_clip_419.wav,ï»¿
twi_clips\twi_clip_420.wav,"Pepe listen, I was just playing on your wits.."
twi_clips\twi_clip_421.wav,I said that to test how serious about her.
twi_clips\twi_clip_422.wav,You know she is the only child of her parents
twi_clips\twi_clip_423.wav,and w^e don't want any man to disturb her.
twi_clips\twi_clip_424.wav,I now see that you reaNy love her.
twi_clips\twi_clip_425.wav,I can recall the change in your face.
twi_clips\twi_clip_426.wav,Some games are very dangerous.
twi_clips\twi_clip_427.wav,I;haye to leave this area.
twi_clips\twi_clip_428.wav,The lights just went out again.
twi_clips\twi_clip_429.wav,"When;you said you were coming, I .: prepared a cocktail."
twi_clips\twi_clip_430.wav,ï»¿
twi_clips\twi_clip_431.wav,"It was a mixture of honey, ginger and prekese"
twi_clips\twi_clip_432.wav,ï»¿
twi_clips\twi_clip_433.wav,Don't you know of this Goektail mixture?
twi_clips\twi_clip_434.wav,Empress I came to you
twi_clips\twi_clip_435.wav,What is the matter?
twi_clips\twi_clip_436.wav,It- is your turn to scrub the bathroom.
twi_clips\twi_clip_437.wav,You can'Kbe shouting on me like that.
twi_clips\twi_clip_438.wav,You oan't be shouting 041 me like that.
twi_clips\twi_clip_439.wav,Shut up and let me talk.
twi_clips\twi_clip_440.wav,You are just the landlord's girlfriend and you are doing this?
twi_clips\twi_clip_441.wav,Your grandmother grew up with my own grandmother.
twi_clips\twi_clip_442.wav,Y®ur grandmother spent all her money OH sweets
twi_clips\twi_clip_443.wav,She didn't think of buying a land.
twi_clips\twi_clip_444.wav,She didn't think ®f buying a land.
twi_clips\twi_clip_445.wav,Settle down with one man.
twi_clips\twi_clip_446.wav,Did you see my name written on the walls?
twi_clips\twi_clip_447.wav,But^M knew it is your turn to scrub So wfc® question are you trying to ask
twi_clips\twi_clip_448.wav,"Wait, my grandmother will come and scrub it."
twi_clips\twi_clip_449.wav,ï»¿
twi_clips\twi_clip_450.wav,ï»¿
twi_clips\twi_clip_451.wav,I don't understand why people say how they struggled to build and rent it out.
twi_clips\twi_clip_452.wav,"When we were girls, we used what we have to get what we want."
twi_clips\twi_clip_453.wav,I will not sleep with such a man for anything.
twi_clips\twi_clip_454.wav,I willnot sleep with such a man for anything.
twi_clips\twi_clip_455.wav,I will not sleep with such a man for anything.
twi_clips\twi_clip_456.wav,"If I sant malje money, ou can't deny/ me of my fee ings."
twi_clips\twi_clip_457.wav,"If I cant make money, ou can't deny"
twi_clips\twi_clip_458.wav,Take care of your grand mother.
twi_clips\twi_clip_459.wav,Bring your light bill.
twi_clips\twi_clip_460.wav,"Even with my ugly face, I made money from men to care for my mother."
twi_clips\twi_clip_461.wav,"If you want to beg for her, open the bag and pay for her."
twi_clips\twi_clip_462.wav,Get ®ut of here with your shameful acts.
twi_clips\twi_clip_463.wav,"If we had not kept these furniture here, Would you get a place for your friend?"
twi_clips\twi_clip_464.wav,Are you not out of your mind
twi_clips\twi_clip_465.wav,This lady can really talk.
twi_clips\twi_clip_466.wav,I wish you could stay here for about two hours.
twi_clips\twi_clip_467.wav,How do you mean by that?
twi_clips\twi_clip_468.wav,How do you mean by that?
twi_clips\twi_clip_469.wav,"Have we, mentioned anybody's name?"
twi_clips\twi_clip_470.wav,Has a man hired a single room for you before?
twi_clips\twi_clip_471.wav,Yes.
twi_clips\twi_clip_472.wav,Then you are better than your friend so advise her.
twi_clips\twi_clip_473.wav,I don't understand why some bush girls get some men to..
twi_clips\twi_clip_474.wav,Where is the light bill?
twi_clips\twi_clip_475.wav,When are we going on the trip to Dubai?
twi_clips\twi_clip_476.wav,yvhen I get a new guy
twi_clips\twi_clip_477.wav,These are the reasons I don't discuss my issues in this house.
twi_clips\twi_clip_478.wav,You have to leave this place.
twi_clips\twi_clip_479.wav,It doesn't fit you to be here.
twi_clips\twi_clip_480.wav,Haven't I told you about this before?
twi_clips\twi_clip_481.wav,So why did you wait till now?
twi_clips\twi_clip_482.wav,You tiave to leave this place. It's embarrasing.
twi_clips\twi_clip_483.wav,I have already made art payment for an estate ouse.
twi_clips\twi_clip_484.wav,ï»¿
twi_clips\twi_clip_485.wav,ï»¿
twi_clips\twi_clip_486.wav,"I am sorry for coming, here without your prior information."
twi_clips\twi_clip_487.wav,Why are you like.this?
twi_clips\twi_clip_488.wav,I am in a terrible situation now.
twi_clips\twi_clip_489.wav,I have been drilled by just 2 teenage boys in front of your house.
twi_clips\twi_clip_490.wav,I can see they have torn your clothes.
twi_clips\twi_clip_491.wav,They escaped with one of my phones.
twi_clips\twi_clip_492.wav,"See, they torn all my clothes."
twi_clips\twi_clip_493.wav,I am meeting somebod to take some money at the ank
twi_clips\twi_clip_494.wav,I also have otherap^iritments
twi_clips\twi_clip_495.wav,Can you help me with something big I can wear?
twi_clips\twi_clip_496.wav,I can just manage with^ahything.
twi_clips\twi_clip_497.wav,Just take a look at me.
twi_clips\twi_clip_498.wav,Let's go I can give you something to wear.
twi_clips\twi_clip_499.wav,"Even if Luisa has a dress here, I can take it along."
twi_clips\twi_clip_500.wav,ï»¿
twi_clips\twi_clip_501.wav,ï»¿
twi_clips\twi_clip_502.wav,ï»¿
twi_clips\twi_clip_503.wav,How can this happen on this busy street in front of my house?
twi_clips\twi_clip_504.wav,ï»¿
twi_clips\twi_clip_505.wav,ï»¿
twi_clips\twi_clip_506.wav,Empress just came here.
twi_clips\twi_clip_507.wav,Why are^yoXHooking like this?
twi_clips\twi_clip_508.wav,What is happening
twi_clips\twi_clip_509.wav,There is toothing going on here.
twi_clips\twi_clip_510.wav,Empress ju^Game to chan e her
twi_clips\twi_clip_511.wav,What did you just say
twi_clips\twi_clip_512.wav,Empress says she has been attacked and are you a police officer?
twi_clips\twi_clip_513.wav,"She is your friend and can come here ,at’any time."
twi_clips\twi_clip_514.wav,ï»¿
twi_clips\twi_clip_515.wav,We are friends and you shouldn't be surpr-is.gd by this.
twi_clips\twi_clip_516.wav,"Pepe, tell him what is going on. You just find something to tell her."
twi_clips\twi_clip_517.wav,You are being a coward. The truth is that I have been here for three days.
twi_clips\twi_clip_518.wav,I tried several times to leave but he kept me here.
twi_clips\twi_clip_519.wav,You know the last time you left this house.
twi_clips\twi_clip_520.wav,You are lying.-Is that not your shirt?
twi_clips\twi_clip_521.wav,When was the las't-.time you left this house?
twi_clips\twi_clip_522.wav,Is this not your shirt?
twi_clips\twi_clip_523.wav,She forced me and I gave in to him.
twi_clips\twi_clip_524.wav,Don't you know I love you? Have you seen what you have done?
twi_clips\twi_clip_525.wav,Do you see what you have done? Why are you shaken like a coward?
twi_clips\twi_clip_526.wav,I love you.
twi_clips\twi_clip_527.wav,I have already broken the relationship so you better stay with me.
twi_clips\twi_clip_528.wav,Leave that to me. Pack and leave. You have hopes of getting her back?
twi_clips\twi_clip_529.wav,"I don't love,you. Leave out of here."
twi_clips\twi_clip_530.wav,Get out of here.
twi_clips\twi_clip_531.wav,Do you want me to assult you? -
twi_clips\twi_clip_532.wav,She has seen us already so let's go and continue.
twi_clips\twi_clip_533.wav,Get out of here.
twi_clips\twi_clip_534.wav,I say go!
twi_clips\twi_clip_535.wav,Somebody wish to have me.
twi_clips\twi_clip_536.wav,"* If I push you, what will you do?"
twi_clips\twi_clip_537.wav,Could you be this wicked
twi_clips\twi_clip_538.wav,<. v B
twi_clips\twi_clip_539.wav,
twi_clips\twi_clip_540.wav,"^ EA/er%b©dy,cherish whatever they have"
twi_clips\twi_clip_541.wav,> *
twi_clips\twi_clip_542.wav,I have rm arriv'd three women.
twi_clips\twi_clip_543.wav,ï»¿
twi_clips\twi_clip_544.wav,*Th^K®Mer..one Wat left was a result qf^wltery.
twi_clips\twi_clip_545.wav,T’his latest ©ne. has been very ' industrious.
twi_clips\twi_clip_546.wav,
twi_clips\twi_clip_547.wav,ï»¿
twi_clips\twi_clip_548.wav,That is'why I have given her this house.
twi_clips\twi_clip_549.wav,"That is why^I have given, her this house."
twi_clips\twi_clip_550.wav,ï»¿
twi_clips\twi_clip_551.wav,gave ^pu this room for free.
twi_clips\twi_clip_552.wav,"And wTiepe Were is the high way, You don't go by a foot path"
twi_clips\twi_clip_553.wav,ï»¿
twi_clips\twi_clip_554.wav,WIpY^’ll your granddaughter insult my /wife
twi_clips\twi_clip_555.wav,Why will y®ur granddaughter insult my wife
twi_clips\twi_clip_556.wav,Wj^y will your granddaughter insult my wife
twi_clips\twi_clip_557.wav,AneThne as well?
twi_clips\twi_clip_558.wav,ï»¿
twi_clips\twi_clip_559.wav,* < <♦
twi_clips\twi_clip_560.wav,This is just the beginning and you are behaving like this.
twi_clips\twi_clip_561.wav,ï»¿
twi_clips\twi_clip_562.wav,I have taken-i^y decision.
twi_clips\twi_clip_563.wav,I have.Vakten my decision.
twi_clips\twi_clip_564.wav,u»_-
twi_clips\twi_clip_565.wav,ï»¿
twi_clips\twi_clip_566.wav,Either yodr grandd'atighter leaves the ho 115% or
twi_clips\twi_clip_567.wav,You leave with her
twi_clips\twi_clip_568.wav,^Yqu l^ave With her
twi_clips\twi_clip_569.wav,ï»¿
twi_clips\twi_clip_570.wav,^
twi_clips\twi_clip_571.wav,Why are .women so eager with marriage?
twi_clips\twi_clip_572.wav,ï»¿
twi_clips\twi_clip_573.wav,"^Wpmen have cheapen themselves. ^^ How will sprrifeone like-"""
twi_clips\twi_clip_574.wav,"Worn eh> hay e^ohe^pen themselves^ ^owwilil, someone like- -"
twi_clips\twi_clip_575.wav,Are you gojng fo^speak against me?
twi_clips\twi_clip_576.wav,"Please I have net mentioned any name , here."
twi_clips\twi_clip_577.wav,T'hatds.whatJ^have just said.
twi_clips\twi_clip_578.wav,Eithef'youMgrranddaug leaves the house or
twi_clips\twi_clip_579.wav,"^>0oo, V"
twi_clips\twi_clip_580.wav,You Keaye with her.
twi_clips\twi_clip_581.wav,", Please I will apologize."
twi_clips\twi_clip_582.wav,I do the'sweeping and the scrubbing In the house.
twi_clips\twi_clip_583.wav,A
twi_clips\twi_clip_584.wav,ï»¿
twi_clips\twi_clip_585.wav,"So if she doesn't do it and I do it, it is t-he same thing."
twi_clips\twi_clip_586.wav,"■■""4^' z.-"
twi_clips\twi_clip_587.wav,ï»¿
twi_clips\twi_clip_588.wav,I •
twi_clips\twi_clip_589.wav,ï»¿
twi_clips\twi_clip_590.wav,Landlord} dsn't pt-ijie yourself too much with inis house.
twi_clips\twi_clip_591.wav,ï»¿
twi_clips\twi_clip_592.wav,ï»¿
twi_clips\twi_clip_593.wav,TiTere-ane no air conditions in it.
twi_clips\twi_clip_594.wav,ï»¿
twi_clips\twi_clip_595.wav,^b • ^
twi_clips\twi_clip_596.wav,". After-all, blnis'is^hot a self contain."
twi_clips\twi_clip_597.wav,ï»¿
twi_clips\twi_clip_598.wav,o0'0*
twi_clips\twi_clip_599.wav,Haye4 giveri you a room?
twi_clips\twi_clip_600.wav,ï»¿
twi_clips\twi_clip_601.wav,ï»¿
twi_clips\twi_clip_602.wav,"^^ ^, ^^^^''f"
twi_clips\twi_clip_603.wav,"Eiththery^udeal with my grandmother "" and . ' /"
twi_clips\twi_clip_604.wav,leave me out pf^or...
twi_clips\twi_clip_605.wav,leaA^mye ®ut of it or...
twi_clips\twi_clip_606.wav,Are^ou g;ping to challenge me?
twi_clips\twi_clip_607.wav,ï»¿
twi_clips\twi_clip_608.wav,D.o you the number of cases I have sent t® court?
twi_clips\twi_clip_609.wav,ï»¿
twi_clips\twi_clip_610.wav,ï»¿
twi_clips\twi_clip_611.wav,If you aj=e not careful yours will be the next.
twi_clips\twi_clip_612.wav,ï»¿
twi_clips\twi_clip_613.wav,"Pe6pje^,^y I am a litigant but see what your daughter is doing."
twi_clips\twi_clip_614.wav,Apologise fqr yourself because I will le^ve this house
twi_clips\twi_clip_615.wav,Please I am just saying sorry.
twi_clips\twi_clip_616.wav,ï»¿
twi_clips\twi_clip_617.wav,It^ my grandmother who is being difficult/
twi_clips\twi_clip_618.wav,This r.o.om is M^tfor my designer goods.
twi_clips\twi_clip_619.wav,I
twi_clips\twi_clip_620.wav,ï»¿
twi_clips\twi_clip_621.wav,ï»¿
twi_clips\twi_clip_622.wav,ï»¿
twi_clips\twi_clip_623.wav,ï»¿
twi_clips\twi_clip_624.wav,ï»¿
twi_clips\twi_clip_625.wav,ï»¿
twi_clips\twi_clip_626.wav,Ifthat is what he is saying
twi_clips\twi_clip_627.wav,.1 will Leave the house for you to stay^ here.
twi_clips\twi_clip_628.wav,ï»¿
twi_clips\twi_clip_629.wav,ï»¿
twi_clips\twi_clip_630.wav,It is my grandmother who need a plase like this not me.
twi_clips\twi_clip_631.wav,I ©a^'t throw her (3(u.it just like that. That is why I am'begging you.
twi_clips\twi_clip_632.wav,ï»¿
twi_clips\twi_clip_633.wav,ï»¿
twi_clips\twi_clip_634.wav,X *	- ■ri’’' ? ^-A ' 1 V '
twi_clips\twi_clip_635.wav,ï»¿
twi_clips\twi_clip_636.wav,ï»¿
twi_clips\twi_clip_637.wav,I ^. /'
twi_clips\twi_clip_638.wav,*2?
twi_clips\twi_clip_639.wav,ï»¿
twi_clips\twi_clip_640.wav,'i
twi_clips\twi_clip_641.wav,.J^# . ^/ I.	’p^ '
twi_clips\twi_clip_642.wav,"For some time now, this is where I will be lodging."
twi_clips\twi_clip_643.wav,I hope you won't miss the way.
twi_clips\twi_clip_644.wav,"No, I am very m.uch familiar with all this area."
twi_clips\twi_clip_645.wav,"For some time now, this is where I will be lodging."
twi_clips\twi_clip_646.wav,■I am planning to fix air conditioner there.
twi_clips\twi_clip_647.wav,Sol want you to guess how much it is going to cost.
twi_clips\twi_clip_648.wav,This was to be my private home but the contractor
twi_clips\twi_clip_649.wav,...didn't build it to my satisfaction.
twi_clips\twi_clip_650.wav,...didn't build it to my satiSfaetion.
twi_clips\twi_clip_651.wav,I sold it to someone but he hasn't completed payment
twi_clips\twi_clip_652.wav,So I have come to occupy it.
twi_clips\twi_clip_653.wav,You have really done well by putting up such a building.
twi_clips\twi_clip_654.wav,So this is where I should be picking you from?
twi_clips\twi_clip_655.wav,"Anytime I tell you I am in the house, it will be this place."
twi_clips\twi_clip_656.wav,You said you will be needing security. Where will they stay to watch?
twi_clips\twi_clip_657.wav,You said you will be needing security. Where will they stay to watSh?
twi_clips\twi_clip_658.wav,I will arrange of barb wires for the mean time.
twi_clips\twi_clip_659.wav,But your walls are not complete. How do you fix barb wires?
twi_clips\twi_clip_660.wav,There is a way of doing it.
twi_clips\twi_clip_661.wav,So you will be here for 24 hours
twi_clips\twi_clip_662.wav,Please I will beg you to have patiense with your grandmother®
twi_clips\twi_clip_663.wav,"Please I will beg you to have patience. . with your/grandmother. . """
twi_clips\twi_clip_664.wav,"As they grow, they go through a lot but Learn to leave with her. „"
twi_clips\twi_clip_665.wav,Please my change?
twi_clips\twi_clip_666.wav,It is just 1 ced
twi_clips\twi_clip_667.wav,It's supposed to be 2 cedis.
twi_clips\twi_clip_668.wav,Is this not your house?
twi_clips\twi_clip_669.wav,Yes I don't have change.
twi_clips\twi_clip_670.wav,It's supposed to be 2 cedis.
twi_clips\twi_clip_671.wav,I will take it back.
twi_clips\twi_clip_672.wav,Or I should give it to you as a gift? -Whatever
twi_clips\twi_clip_673.wav,You can keep it.
twi_clips\twi_clip_674.wav,ï»¿
twi_clips\twi_clip_675.wav,ï»¿
twi_clips\twi_clip_676.wav,I didn't buy water. How do I live here?
twi_clips\twi_clip_677.wav,^
twi_clips\twi_clip_678.wav,ï»¿
twi_clips\twi_clip_679.wav,This is a real woman with a soft body
twi_clips\twi_clip_680.wav,If I lay hands on this lady..
twi_clips\twi_clip_681.wav,If I could win her with money
twi_clips\twi_clip_682.wav,Then I wouldn't mind going for a bank loan.
twi_clips\twi_clip_683.wav,At least after spending all the money on her
twi_clips\twi_clip_684.wav,I will just go to jail.
twi_clips\twi_clip_685.wav,ï»¿
twi_clips\twi_clip_686.wav,ï»¿
twi_clips\twi_clip_687.wav,^JJ
twi_clips\twi_clip_688.wav,ï»¿
twi_clips\twi_clip_689.wav,ï»¿
twi_clips\twi_clip_690.wav,ï»¿
twi_clips\twi_clip_691.wav,So if a man Joves a woman he always have to say it.
twi_clips\twi_clip_692.wav,Can't the women see from his facial looks?
twi_clips\twi_clip_693.wav,ï»¿
twi_clips\twi_clip_694.wav,Now she has left me with sleepless nights .
twi_clips\twi_clip_695.wav,ï»¿
twi_clips\twi_clip_696.wav,So what do I do?
twi_clips\twi_clip_697.wav,I ean't propose.
twi_clips\twi_clip_698.wav,If you send someone to propose for you They end up sleeping with the girls.
twi_clips\twi_clip_699.wav,"If I don't get this girl, I will die."
twi_clips\twi_clip_700.wav,f^en if I have to pay money I will pay.
twi_clips\twi_clip_701.wav,The other day when I saw her tighs when she was boardig the car..
twi_clips\twi_clip_702.wav,■Look at all these.
twi_clips\twi_clip_703.wav,Sueh things like these are always kept irn this kind of container.
twi_clips\twi_clip_704.wav,See how elastic it looks.
twi_clips\twi_clip_705.wav,Look at this place. Very tiny.
twi_clips\twi_clip_706.wav,Oh ladies!
twi_clips\twi_clip_707.wav,. W-
twi_clips\twi_clip_708.wav,ï»¿
twi_clips\twi_clip_709.wav,Everything about beautiful ladies are nice.
twi_clips\twi_clip_710.wav,The other girl who came here wore something like a pillow case.
twi_clips\twi_clip_711.wav,V£by dom^t I wear them to bed.
twi_clips\twi_clip_712.wav,I am not a fool. It is love.
twi_clips\twi_clip_713.wav,Tih'e love for a woman can make you do crazy things.
twi_clips\twi_clip_714.wav,S b
twi_clips\twi_clip_715.wav,What fascinates me most is how women wear pants .
twi_clips\twi_clip_716.wav,"iJust this thing when a man s,ees it he Gets so hard."
twi_clips\twi_clip_717.wav,Who on this earth has not removed a ladies pant before?
twi_clips\twi_clip_718.wav,Not even the president.
twi_clips\twi_clip_719.wav,ï»¿
twi_clips\twi_clip_720.wav,Why are you not giving me the chance to explain what happened to you?
twi_clips\twi_clip_721.wav,ï»¿
twi_clips\twi_clip_722.wav,ï»¿
twi_clips\twi_clip_723.wav,ï»¿
twi_clips\twi_clip_724.wav,I know this is your house and I will leave if you don't need me.
twi_clips\twi_clip_725.wav,But y©u give me a chance to explain myself.
twi_clips\twi_clip_726.wav,You have done it already so what else? I have not done anything.
twi_clips\twi_clip_727.wav,The harm has already been caused. There was no harm in what you saw.
twi_clips\twi_clip_728.wav,She came to me for a new dress because her own got torn.
twi_clips\twi_clip_729.wav,For your sake I couldn't throw her out.
twi_clips\twi_clip_730.wav,There was nothing bad in what you came to see.
twi_clips\twi_clip_731.wav,So you came all the way from your house t«® tell me this story?
twi_clips\twi_clip_732.wav,I am not here t® convince you but try t® understand me.
twi_clips\twi_clip_733.wav,She is your friend and I met her through you.
twi_clips\twi_clip_734.wav,ï»¿
twi_clips\twi_clip_735.wav,How are you
twi_clips\twi_clip_736.wav,I am happy I met you.
twi_clips\twi_clip_737.wav,I know and I picked you because of your beauty.
twi_clips\twi_clip_738.wav,"What is your name? -Empress, the blessed."
twi_clips\twi_clip_739.wav,It is even in the bible.
twi_clips\twi_clip_740.wav,When Joshua was going to the new land his concubine was Empress.
twi_clips\twi_clip_741.wav,"Because the girl was blessed, she got to the land first and prepared it."
twi_clips\twi_clip_742.wav,I will be meeting a business partner in a hotel and I am not gBing to leave you.
twi_clips\twi_clip_743.wav,I have an appointment with my pastor
twi_clips\twi_clip_744.wav,I am a treasurer at church and I have to give him the church money.
twi_clips\twi_clip_745.wav,I don't go to hotels. The bi&le even speaks against it.
twi_clips\twi_clip_746.wav,"When somebody see me around a hotel and tell my pastor, I will be in trouble."
twi_clips\twi_clip_747.wav,Let me correct you. What you read is in Psalm 1.
twi_clips\twi_clip_748.wav,The hotels are not for bad things. It is for business men.
twi_clips\twi_clip_749.wav,I can't transact my gold business in a private home for security reasons.
twi_clips\twi_clip_750.wav,You tan't go to heaven ^ith your gold so don't talk about it with much pride.
twi_clips\twi_clip_751.wav,I supply gold to Nyame Akwan in Obuasi.
twi_clips\twi_clip_752.wav,I also walk yyith gr^eat men of God. Among them is Ben York.
twi_clips\twi_clip_753.wav,I have heard much about him. My prophet is Prophet 1.
twi_clips\twi_clip_754.wav,I am very much particular about your gold business.
twi_clips\twi_clip_755.wav,Do you have lincense?
twi_clips\twi_clip_756.wav,Do you buy them your self or you just keep them for others?
twi_clips\twi_clip_757.wav,I buy them for the exporters. So you send it through the exporters.
twi_clips\twi_clip_758.wav,I always walk with mone so your lift
twi_clips\twi_clip_759.wav,I wouldn't go with you to t-he hotel but from the way we are knowing ...
twi_clips\twi_clip_760.wav,"each other, I am begining to like you"
twi_clips\twi_clip_761.wav,To convert somebody to Christ is persuation. I wish you could join me..
twi_clips\twi_clip_762.wav,...at church next week. So I will go with you to the hotel.
twi_clips\twi_clip_763.wav,But I want you to promise me that you have canceled your bad intentions
twi_clips\twi_clip_764.wav,Don't be taken over by any bad intentions as the devil tempted Jesus.
twi_clips\twi_clip_765.wav,There would be no tests. I want God to use me to'Change your life.
twi_clips\twi_clip_766.wav,I want you to experience new and good things in your life.
twi_clips\twi_clip_767.wav,Please it hasn't gotten t® that. Let's be fri'ends first.
twi_clips\twi_clip_768.wav,I will show yotu where I live but for now I want to know yours.
twi_clips\twi_clip_769.wav,Let's g® t® my hotel.
